,WER,BLEU,Order Score (Kendall Tau)
Vidavox Doc,0.5435493630573249,0.6258019108280255,0.6527207006369428
Vidavox Doc (Text Only),0.493287898089172,0.6285487261146497,0.6434385350318471
LlamaParse Premium,0.39009012738853505,0.6782028662420382,0.5935089171974522
LlamaParse Balanced,0.6641964968152867,0.4172837579617835,0.6094156050955414
MistralOCR,0.4181286624203821,0.5499283439490447,0.3734891719745223
deepseek-ai/Janus-Pro-7B,3.265423404255318,0.04726702127659574,0.20399893617021275
deepseek-ai/deepseek-vl2-tiny,1.1945668789808916,0.39826210191082795,0.48479713375796174
Qwen/Qwen2.5-VL-7B-Instruct,0.46429012738853503,0.5602009554140127,0.4710515923566878
