Metrics,CER,WER,BLEU 1,BLEU 2,BLEU 3,BLEU 4,Order Score (Kendall Tau)
Vidavox Doc,0.3828758671963426,0.43418983832308755,0.7925477196564504,0.7547585582236622,0.7222033095497016,0.6933816174349188,0.7267091308062763
Vidavox Doc (Text Only),0.42173980503340064,0.47512948911427244,0.7584333740207283,0.7085713891786323,0.6654949793603941,0.6283633874475688,0.6903682222197564
LlamaParse Premium,0.4639602343593955,0.3819549940078564,0.7740009753878249,0.7414587407621118,0.7115644455047827,0.6835406317272908,0.6757464446614438
LlamaParse Balanced,0.5803956795534744,0.6675205480592112,0.4559799607181695,0.4223966271998934,0.39285159901462524,0.36806975354535165,0.6209494401784328
MistralOCR,0.46012660900153124,0.4756861082136754,0.5906640909696176,0.5625198129119598,0.5378695182982312,0.5165598165738254,0.4632938891231496
deepseek-ai/Janus-Pro-7B,6.781162901687454,6.899041012472487,0.1323557043286867,0.09399104181951574,0.0710681988261188,0.055169027879677146,0.23412946808510635
deepseek-ai/deepseek-vl2-tiny,1.3907443679398122,1.4464552164939302,0.4448533456135289,0.4017689679087419,0.367131488159968,0.3376772182028007,0.45703271322044425
Qwen/Qwen2.5-VL-7B-Instruct,0.45472959231230164,0.4903250288510619,0.6805656300628065,0.6428757861914379,0.609982609467587,0.5803943801460307,0.5758510575023856
