,CER,WER,BLEU 1,BLEU 2,BLEU 3,BLEU 4,Order Score (Kendall Tau)
Vidavox Doc,0.2896090592334495,0.3248303135888502,0.8489247386759582,0.8180620209059233,0.7878362369337979,0.7609613240418119,0.8006975609756098
Vidavox Doc (Text Only),0.40430731707317075,0.45697108013937293,0.7730947735191638,0.720645644599303,0.6714017421602787,0.6281780487804879,0.7372979094076656
LlamaParse Premium,0.5161898954703833,0.3738198606271777,0.8006337979094077,0.7621181184668989,0.7246989547038328,0.6888783972125435,0.7579839721254354
LlamaParse Balanced,0.5457254355400697,0.6708445993031359,0.41669686411149826,0.3804400696864111,0.3472445993031359,0.31885574912891984,0.6324832752613241
MistralOCR,0.49821149825783967,0.5332435540069688,0.5855240418118467,0.5481867595818815,0.5130132404181185,0.4831912891986063,0.553098606271777
deepseek-ai/Janus-Pro-7B,10.811477931034483,10.532658620689656,0.16561034482758621,0.11595655172413791,0.08495448275862069,0.06307103448275861,0.26426
deepseek-ai/deepseek-vl2-tiny,1.6821393728222997,1.6983435540069685,0.39181114982578397,0.345393031358885,0.30686202090592335,0.27709233449477355,0.4292682926829268
Qwen/Qwen2.5-VL-7B-Instruct,0.4896623693379791,0.5163599303135888,0.7255672473867596,0.6806331010452962,0.6382066202090593,0.6005878048780487,0.6806505226480836
