,CER,WER,BLEU 1,BLEU 2,BLEU 3,BLEU 4,Order Score (Kendall Tau)
Vidavox Doc,0.4761426751592357,0.5435493630573249,0.7361707006369427,0.6914550955414013,0.6565703821656051,0.6258019108280255,0.6527207006369428
Vidavox Doc (Text Only),0.4391722929936306,0.493287898089172,0.7437719745222929,0.6964971337579616,0.6595882165605096,0.6285487261146497,0.6434385350318471
LlamaParse Premium,0.41173057324840767,0.39009012738853505,0.747368152866242,0.7207993630573248,0.6984299363057325,0.6782028662420382,0.5935089171974522
LlamaParse Balanced,0.615065923566879,0.6641964968152867,0.4952630573248407,0.4643531847133757,0.4384585987261146,0.4172837579617835,0.6094156050955414
MistralOCR,0.4220417197452229,0.4181286624203821,0.5958041401273885,0.5768528662420382,0.562725796178344,0.5499283439490447,0.3734891719745223
deepseek-ai/Janus-Pro-7B,2.7508478723404255,3.265423404255318,0.09910106382978721,0.07202553191489361,0.05718191489361701,0.04726702127659574,0.20399893617021275
deepseek-ai/deepseek-vl2-tiny,1.0993493630573248,1.1945668789808916,0.4978955414012739,0.4581449044585988,0.42740095541401274,0.39826210191082795,0.48479713375796174
Qwen/Qwen2.5-VL-7B-Instruct,0.4197968152866242,0.46429012738853503,0.6355640127388534,0.6051184713375797,0.5817585987261147,0.5602009554140127,0.4710515923566878
